{
    "y_puntos": [
        -9.47530499,
        -8.20053076,
        -7.06007355,
        -6.07004795,
        -5.27138796,
        -4.66909356,
        -4.19457453,
        -3.84919918,
        -3.65942874,
        -3.55181112,
        -3.51373936,
        -3.57264491,
        -3.64987936,
        -3.70235606,
        -3.740946,
        -3.77725596,
        -3.69827274,
        -3.61302712,
        -3.41808667,
        -3.08308666,
        -2.70158321,
        -2.22867037,
        -1.6511668,
        -1.03678599,
        -0.38456232,
        0.33075079,
        1.02477883,
        1.73094186,
        2.36205994,
        2.95806084,
        3.4237866,
        3.82636692,
        4.13496303,
        4.27157043,
        4.29493587,
        4.17829624,
        3.95409283,
        3.56992402,
        3.12288977,
        2.54601402,
        1.91026026,
        1.22867569,
        0.5422082,
        -0.15349255,
        -0.811973,
        -1.42121758,
        -1.95555196,
        -2.40673855,
        -2.74191681,
        -2.9531929,
        -3.02569868,
        -2.96935198,
        -2.8077883,
        -2.51352989,
        -2.1299076,
        -1.63410109,
        -1.10580826,
        -0.51745204,
        0.10152695,
        0.72202862,
        1.30413158,
        1.86537205,
        2.32219095,
        2.72308679,
        3.03966672,
        3.25492871,
        3.40087177,
        3.39878705,
        3.35382379,
        3.21714617,
        3.03930083,
        2.80648229,
        2.55612964,
        2.37850053,
        2.17973998,
        2.08049234,
        2.03455593,
        2.11668995,
        2.36365782,
        2.70136088,
        3.20906666,
        3.88418985,
        4.75685859,
        5.73009392,
        6.89142106,
        8.19980283,
        9.64580405,
        11.17160365,
        12.77006736,
        14.48209584,
        16.1949218,
        17.94359567,
        19.65124253,
        21.36240072,
        23.01681852,
        24.63925159,
        26.20180742,
        27.69009341,
        29.13518722,
        30.54860084
    ],
    "x_puntos": [
        -2,
        -1.95959596,
        -1.91919192,
        -1.87878788,
        -1.83838384,
        -1.7979798,
        -1.75757576,
        -1.71717172,
        -1.67676768,
        -1.63636364,
        -1.5959596,
        -1.55555556,
        -1.51515152,
        -1.47474747,
        -1.43434343,
        -1.39393939,
        -1.35353535,
        -1.31313131,
        -1.27272727,
        -1.23232323,
        -1.19191919,
        -1.15151515,
        -1.11111111,
        -1.07070707,
        -1.03030303,
        -0.98989899,
        -0.94949495,
        -0.90909091,
        -0.86868687,
        -0.82828283,
        -0.78787879,
        -0.74747475,
        -0.70707071,
        -0.66666667,
        -0.62626263,
        -0.58585859,
        -0.54545455,
        -0.50505051,
        -0.46464646,
        -0.42424242,
        -0.38383838,
        -0.34343434,
        -0.3030303,
        -0.26262626,
        -0.22222222,
        -0.18181818,
        -0.14141414,
        -0.1010101,
        -0.06060606,
        -0.02020202,
        0.02020202,
        0.06060606,
        0.1010101,
        0.14141414,
        0.18181818,
        0.22222222,
        0.26262626,
        0.3030303,
        0.34343434,
        0.38383838,
        0.42424242,
        0.46464646,
        0.50505051,
        0.54545455,
        0.58585859,
        0.62626263,
        0.66666667,
        0.70707071,
        0.74747475,
        0.78787879,
        0.82828283,
        0.86868687,
        0.90909091,
        0.94949495,
        0.98989899,
        1.03030303,
        1.07070707,
        1.11111111,
        1.15151515,
        1.19191919,
        1.23232323,
        1.27272727,
        1.31313131,
        1.35353535,
        1.39393939,
        1.43434343,
        1.47474747,
        1.51515152,
        1.55555556,
        1.5959596,
        1.63636364,
        1.67676768,
        1.71717172,
        1.75757576,
        1.7979798,
        1.83838384,
        1.87878788,
        1.91919192,
        1.95959596,
        2
    ]
}